portfolio_role,formation_date,effective_month,symbol,leg,weight,momentum_return,price_momentum_rank,signal_start_date,signal_end_date,rankable_universe,membership_status,survivorship_bias
active_risk_portfolio,2026-04-30,2026-05,SNDK,long,0.1,18.78635984985466,1,2025-04-30,2026-03-31,500,current_snapshot_proxy,True
active_risk_portfolio,2026-04-30,2026-05,LITE,long,0.1,10.903116511991808,2,2025-04-30,2026-03-31,500,current_snapshot_proxy,True
active_risk_portfolio,2026-04-30,2026-05,WDC,long,0.1,5.193742793945009,3,2025-04-30,2026-03-31,500,current_snapshot_proxy,True
active_risk_portfolio,2026-04-30,2026-05,CIEN,long,0.1,4.780672868029658,4,2025-04-30,2026-03-31,500,current_snapshot_proxy,True
active_risk_portfolio,2026-04-30,2026-05,ECHO,long,0.1,4.207740305993707,5,2025-04-30,2026-03-31,500,current_snapshot_proxy,True
active_risk_portfolio,2026-04-30,2026-05,MU,long,0.1,3.400892254441417,6,2025-04-30,2026-03-31,500,current_snapshot_proxy,True
active_risk_portfolio,2026-04-30,2026-05,STX,long,0.1,3.3591042493556555,7,2025-04-30,2026-03-31,500,current_snapshot_proxy,True
active_risk_portfolio,2026-04-30,2026-05,TER,long,0.1,3.0096861088386566,8,2025-04-30,2026-03-31,500,current_snapshot_proxy,True
active_risk_portfolio,2026-04-30,2026-05,COHR,long,0.1,2.703513803546174,9,2025-04-30,2026-03-31,500,current_snapshot_proxy,True
active_risk_portfolio,2026-04-30,2026-05,FIX,long,0.1,2.478517256221206,10,2025-04-30,2026-03-31,500,current_snapshot_proxy,True
active_risk_portfolio,2026-04-30,2026-05,BAX,short,-0.1,-0.45365933730743246,491,2025-04-30,2026-03-31,500,current_snapshot_proxy,True
active_risk_portfolio,2026-04-30,2026-05,CPRT,short,-0.1,-0.456005219941085,492,2025-04-30,2026-03-31,500,current_snapshot_proxy,True
active_risk_portfolio,2026-04-30,2026-05,CSGP,short,-0.1,-0.45611431645581335,493,2025-04-30,2026-03-31,500,current_snapshot_proxy,True
active_risk_portfolio,2026-04-30,2026-05,FICO,short,-0.1,-0.4634614559906559,494,2025-04-30,2026-03-31,500,current_snapshot_proxy,True
active_risk_portfolio,2026-04-30,2026-05,WDAY,short,-0.1,-0.4697142931879783,495,2025-04-30,2026-03-31,500,current_snapshot_proxy,True
active_risk_portfolio,2026-04-30,2026-05,FDS,short,-0.1,-0.4906736933953535,496,2025-04-30,2026-03-31,500,current_snapshot_proxy,True
active_risk_portfolio,2026-04-30,2026-05,GDDY,short,-0.1,-0.5610364925121907,497,2025-04-30,2026-03-31,500,current_snapshot_proxy,True
active_risk_portfolio,2026-04-30,2026-05,TTD,short,-0.1,-0.5769159037450112,498,2025-04-30,2026-03-31,500,current_snapshot_proxy,True
active_risk_portfolio,2026-04-30,2026-05,IT,short,-0.1,-0.6239669388544631,499,2025-04-30,2026-03-31,500,current_snapshot_proxy,True
active_risk_portfolio,2026-04-30,2026-05,FISV,short,-0.1,-0.697675694734945,500,2025-04-30,2026-03-31,500,current_snapshot_proxy,True
next_rebalance_portfolio,2026-05-29,2026-06,SNDK,long,0.1,28.09286414748193,1,2025-05-30,2026-04-30,500,current_snapshot_proxy,True
next_rebalance_portfolio,2026-05-29,2026-06,LITE,long,0.1,11.483674910944655,2,2025-05-30,2026-04-30,500,current_snapshot_proxy,True
next_rebalance_portfolio,2026-05-29,2026-06,WDC,long,0.1,7.465481845884488,3,2025-05-30,2026-04-30,500,current_snapshot_proxy,True
next_rebalance_portfolio,2026-05-29,2026-06,ECHO,long,0.1,5.945290613025954,4,2025-05-30,2026-04-30,500,current_snapshot_proxy,True
next_rebalance_portfolio,2026-05-29,2026-06,CIEN,long,0.1,5.589808058684016,5,2025-05-30,2026-04-30,500,current_snapshot_proxy,True
next_rebalance_portfolio,2026-05-29,2026-06,STX,long,0.1,4.785333773346666,6,2025-05-30,2026-04-30,500,current_snapshot_proxy,True
next_rebalance_portfolio,2026-05-29,2026-06,MU,long,0.1,4.488014992555222,7,2025-05-30,2026-04-30,500,current_snapshot_proxy,True
next_rebalance_portfolio,2026-05-29,2026-06,INTC,long,0.1,3.832736933197917,8,2025-05-30,2026-04-30,500,current_snapshot_proxy,True
next_rebalance_portfolio,2026-05-29,2026-06,TER,long,0.1,3.3793800925325366,9,2025-05-30,2026-04-30,500,current_snapshot_proxy,True
next_rebalance_portfolio,2026-05-29,2026-06,COHR,long,0.1,3.227290798171084,10,2025-05-30,2026-04-30,500,current_snapshot_proxy,True
next_rebalance_portfolio,2026-05-29,2026-06,FDS,short,-0.1,-0.4973611080914482,491,2025-05-30,2026-04-30,500,current_snapshot_proxy,True
next_rebalance_portfolio,2026-05-29,2026-06,WDAY,short,-0.1,-0.5058738112777792,492,2025-05-30,2026-04-30,500,current_snapshot_proxy,True
next_rebalance_portfolio,2026-05-29,2026-06,GDDY,short,-0.1,-0.5235245466719587,493,2025-05-30,2026-04-30,500,current_snapshot_proxy,True
next_rebalance_portfolio,2026-05-29,2026-06,CSGP,short,-0.1,-0.5294997042001913,494,2025-05-30,2026-04-30,500,current_snapshot_proxy,True
next_rebalance_portfolio,2026-05-29,2026-06,NOW,short,-0.1,-0.5632930968275636,495,2025-05-30,2026-04-30,500,current_snapshot_proxy,True
next_rebalance_portfolio,2026-05-29,2026-06,LULU,short,-0.1,-0.5651625000493898,496,2025-05-30,2026-04-30,500,current_snapshot_proxy,True
next_rebalance_portfolio,2026-05-29,2026-06,CHTR,short,-0.1,-0.5831882233119432,497,2025-05-30,2026-04-30,500,current_snapshot_proxy,True
next_rebalance_portfolio,2026-05-29,2026-06,FISV,short,-0.1,-0.6151483253902454,498,2025-05-30,2026-04-30,500,current_snapshot_proxy,True
next_rebalance_portfolio,2026-05-29,2026-06,IT,short,-0.1,-0.659754362942954,499,2025-05-30,2026-04-30,500,current_snapshot_proxy,True
next_rebalance_portfolio,2026-05-29,2026-06,TTD,short,-0.1,-0.6863866023695954,500,2025-05-30,2026-04-30,500,current_snapshot_proxy,True
