scope,horizon_days,baseline,split_id,feature,imputer_median,scaler_mean_after_imputation,scaler_scale_after_imputation,missing_train,missing_test
development,5,B1,dev_00,bear_state,0,0,1,0,0
development,5,B1,dev_00,mkt_variance_126d,5.261344e-05,6.96397137834e-05,5.11594386774e-05,0,0
development,5,B1,dev_00,bear_x_mkt_variance_126d,0,0,1,0,0
development,5,B2,dev_00,mom_return_21d,0.00998322739382,0.0109444616131,0.0321940313331,0,0
development,5,B2,dev_00,mom_return_63d,0.0246641512555,0.0320870573556,0.0604795650616,0,0
development,5,B2,dev_00,mom_return_126d,0.0528319146809,0.0630806137293,0.0837395507842,0,0
development,5,B2,dev_00,mom_drawdown_252d,-0.0202878508759,-0.0370220080229,0.0404400997511,0,0
development,5,B2,dev_00,mom_vol_21d,0.00381941157273,0.00415923973794,0.00192048263644,0,0
development,5,B2,dev_00,mom_vol_63d,0.00387614575169,0.00431728278652,0.00169132040786,0,0
development,5,B2,dev_00,vix_close,17.09,18.4491240587,5.90784327096,3,0
development,5,B2,dev_00,mkt_return_504d,0.341549771774,0.385181700037,0.175593694156,0,0
development,5,B2,dev_00,bear_state,0,0,1,0,0
development,5,B2,dev_00,mkt_variance_126d,5.261344e-05,6.96397137834e-05,5.11594386774e-05,0,0
development,5,B2,dev_00,bear_x_mkt_variance_126d,0,0,1,0,0
development,5,B2,dev_00,mkt_vol_percentile_126d,0.497439519689,0.490303887303,0.260839617166,0,0
development,5,B2,dev_00,mkt_return_1d,0.0008,0.000682877526754,0.00840164612877,0,0
development,5,B2,dev_00,mkt_return_5d,0.00436968876401,0.00342198963225,0.0196957819614,0,0
development,5,B2,dev_00,mkt_return_20d,0.0142906480879,0.0135630055603,0.0382815126826,0,0
development,5,B2,dev_00,stress_rebound,0,0,1,0,0
development,5,B2,dev_00,loser_leg_return_5d,0.00222790187187,0.00185589497954,0.0230786208462,0,0
development,5,B2,dev_00,loser_leg_return_20d,0.00963103387063,0.00788989700544,0.0549753927534,0,0
development,5,B2,dev_00,loser_leg_vol_21d,0.00593214909263,0.00695618243898,0.00350141601074,0,0
development,5,B2,dev_00,loser_minus_winner_vol_21d,-0.00106445018645,-0.00100463756363,0.00205604801563,0,0
development,5,B2,dev_00,formation_spread,0.198409890632,0.213746709747,0.168862280001,0,0
development,5,B2,dev_00,mom_mkt_beta_126d,0.231127067725,0.200411288186,0.160588593869,0,0
development,5,B2,dev_00,mom_mkt_corr_126d,0.448940850053,0.346291127805,0.258900890809,0,0
development,5,B2,dev_00,beta_change_21d,-0.00190479033503,0.000537160612447,0.0590721090463,0,0
development,5,B1,dev_01,bear_state,0,0.155544529893,0.362422997495,0,0
development,5,B1,dev_01,mkt_variance_126d,6.20798374603e-05,0.00010067512063,8.20580365002e-05,0,0
development,5,B1,dev_01,bear_x_mkt_variance_126d,0,3.30432682715e-05,8.36677581549e-05,0,0
development,5,B2,dev_01,mom_return_21d,0.0101640624043,0.0101215747325,0.0456634669635,0,0
development,5,B2,dev_01,mom_return_63d,0.0247188129629,0.0306313584242,0.0766134710372,0,0
development,5,B2,dev_01,mom_return_126d,0.0521880130151,0.0624045950193,0.108249770218,0,0
development,5,B2,dev_01,mom_drawdown_252d,-0.0356740622827,-0.0631849595812,0.0686255617551,0,0
development,5,B2,dev_01,mom_vol_21d,0.00450612281869,0.00591887390932,0.00414188572368,0,0
development,5,B2,dev_01,mom_vol_63d,0.00464097161288,0.00615795835169,0.00398387573167,0,0
development,5,B2,dev_01,vix_close,18.42,19.4542073927,6.39949848496,3,0
development,5,B2,dev_01,mkt_return_504d,0.295376943628,0.270024724467,0.264454139555,0,0
development,5,B2,dev_01,bear_state,0,0.155544529893,0.362422997495,0,0
development,5,B2,dev_01,mkt_variance_126d,6.20798374603e-05,0.00010067512063,8.20580365002e-05,0,0
development,5,B2,dev_01,bear_x_mkt_variance_126d,0,3.30432682715e-05,8.36677581549e-05,0,0
development,5,B2,dev_01,mkt_vol_percentile_126d,0.563039638932,0.576792600724,0.266577332763,0,0
development,5,B2,dev_01,mkt_return_1d,0.0007,0.000452369139171,0.0100061168947,0,0
development,5,B2,dev_01,mkt_return_5d,0.00339067215177,0.00227466510853,0.0224614564241,0,0
development,5,B2,dev_01,mkt_return_20d,0.0122619858053,0.00904893464318,0.043112713393,0,0
development,5,B2,dev_01,stress_rebound,0,0.00158782213945,0.0075389868075,0,0
development,5,B2,dev_01,loser_leg_return_5d,0.00202500671384,0.001500085131,0.0286257697489,0,0
development,5,B2,dev_01,loser_leg_return_20d,0.00861001564937,0.00644850688522,0.0652347821824,0,0
development,5,B2,dev_01,loser_leg_vol_21d,0.00731378834805,0.00936240837069,0.00594373941576,0,0
development,5,B2,dev_01,loser_minus_winner_vol_21d,-0.00093073254229,-6.72865875283e-06,0.00472308971394,0,0
development,5,B2,dev_01,formation_spread,0.200776775924,0.186480063578,0.238387171638,0,0
development,5,B2,dev_01,mom_mkt_beta_126d,0.198636368115,0.101560539983,0.346838257614,0,0
development,5,B2,dev_01,mom_mkt_corr_126d,0.337845177211,0.188776895633,0.457585677584,0,0
development,5,B2,dev_01,beta_change_21d,0.00139079153549,0.000137562271903,0.0783608591564,0,0
development,5,B1,dev_02,bear_state,0,0.204438830747,0.403290956048,0,0
development,5,B1,dev_02,mkt_variance_126d,7.48955073016e-05,0.000135201792621,0.000177258997524,0,0
development,5,B1,dev_02,bear_x_mkt_variance_126d,0,6.58652752372e-05,0.000188329412712,0,0
development,5,B2,dev_02,mom_return_21d,0.0083432852627,0.00705739629083,0.0512441036385,0,0
development,5,B2,dev_02,mom_return_63d,0.021390416557,0.0212320473819,0.0865474584244,0,0
development,5,B2,dev_02,mom_return_126d,0.0471308079439,0.0445685086964,0.128028262762,0,0
development,5,B2,dev_02,mom_drawdown_252d,-0.0424504903458,-0.0872138855317,0.123518670902,0,0
development,5,B2,dev_02,mom_vol_21d,0.00493603127197,0.00682772238532,0.00556704210647,0,0
development,5,B2,dev_02,mom_vol_63d,0.00517428573294,0.00707035171439,0.00538198943187,0,0
development,5,B2,dev_02,vix_close,19.09,20.5644929628,8.27848449125,3,0
development,5,B2,dev_02,mkt_return_504d,0.254787394816,0.22669227227,0.282063725687,0,0
development,5,B2,dev_02,bear_state,0,0.204438830747,0.403290956048,0,0
development,5,B2,dev_02,mkt_variance_126d,7.48955073016e-05,0.000135201792621,0.000177258997524,0,0
development,5,B2,dev_02,bear_x_mkt_variance_126d,0,6.58652752372e-05,0.000188329412712,0,0
development,5,B2,dev_02,mkt_vol_percentile_126d,0.637534950217,0.61235130031,0.262723635829,0,0
development,5,B2,dev_02,mkt_return_1d,0.0007,0.000388794658968,0.0117637870629,0,0
development,5,B2,dev_02,mkt_return_5d,0.00326567665363,0.00190622866524,0.024922648715,0,0
development,5,B2,dev_02,mkt_return_20d,0.012617121927,0.0075121440755,0.0470176042625,0,0
development,5,B2,dev_02,stress_rebound,0,0.00243919499133,0.0101139678595,0,0
development,5,B2,dev_02,loser_leg_return_5d,0.00207545974282,0.00150764857688,0.0355773482657,0,0
development,5,B2,dev_02,loser_leg_return_20d,0.00880614393049,0.00635528069111,0.075924247671,0,0
development,5,B2,dev_02,loser_leg_vol_21d,0.00802166585809,0.0116679232878,0.00970420857286,0,0
development,5,B2,dev_02,loser_minus_winner_vol_21d,-0.000857376787726,0.000862715703244,0.00644594454858,0,0
development,5,B2,dev_02,formation_spread,0.185946529905,0.138585767504,0.329555725592,0,0
development,5,B2,dev_02,mom_mkt_beta_126d,0.158016902824,0.0649555520368,0.384699250791,0,0
development,5,B2,dev_02,mom_mkt_corr_126d,0.31417288786,0.158214800865,0.48314647944,0,0
development,5,B2,dev_02,beta_change_21d,-0.00315399570535,-0.00145380030833,0.0902425876115,0,0
development,20,B1,dev_00,bear_state,0,0,1,0,0
development,20,B1,dev_00,mkt_variance_126d,5.2346895873e-05,6.93761230341e-05,5.11979620903e-05,0,0
development,20,B1,dev_00,bear_x_mkt_variance_126d,0,0,1,0,0
development,20,B2,dev_00,mom_return_21d,0.00982008916377,0.0104147767714,0.0315212743947,0,0
development,20,B2,dev_00,mom_return_63d,0.0243505406215,0.0310066243367,0.0589967722792,0,0
development,20,B2,dev_00,mom_return_126d,0.052504755132,0.0611869548513,0.0802967519675,0,0
development,20,B2,dev_00,mom_drawdown_252d,-0.0204244726526,-0.0372409195541,0.0404611849075,0,0
development,20,B2,dev_00,mom_vol_21d,0.00380822708389,0.00414823709059,0.00192079472784,0,0
development,20,B2,dev_00,mom_vol_63d,0.00387282628779,0.00430565116916,0.00168963859995,0,0
development,20,B2,dev_00,vix_close,17.05,18.4298444976,5.91970351695,3,0
development,20,B2,dev_00,mkt_return_504d,0.339539081157,0.384391478799,0.175798286665,0,0
development,20,B2,dev_00,bear_state,0,0,1,0,0
development,20,B2,dev_00,mkt_variance_126d,5.2346895873e-05,6.93761230341e-05,5.11979620903e-05,0,0
development,20,B2,dev_00,bear_x_mkt_variance_126d,0,0,1,0,0
development,20,B2,dev_00,mkt_vol_percentile_126d,0.496582030697,0.488466678516,0.260531081147,0,0
development,20,B2,dev_00,mkt_return_1d,0.0008,0.000667384370016,0.00840501321983,0,0
development,20,B2,dev_00,mkt_return_5d,0.00433690510603,0.00336929950247,0.019721911389,0,0
development,20,B2,dev_00,mkt_return_20d,0.0141346145862,0.0134258273241,0.0383342281872,0,0
development,20,B2,dev_00,stress_rebound,0,0,1,0,0
development,20,B2,dev_00,loser_leg_return_5d,0.00230096145923,0.00192539189806,0.0231182817718,0,0
development,20,B2,dev_00,loser_leg_return_20d,0.00995341388545,0.00802208712325,0.0550805462439,0,0
development,20,B2,dev_00,loser_leg_vol_21d,0.00593185307174,0.00696148140705,0.00351100966149,0,0
development,20,B2,dev_00,loser_minus_winner_vol_21d,-0.0010585241218,-0.000999631450547,0.00206057107449,0,0
development,20,B2,dev_00,formation_spread,0.196943113931,0.213036725717,0.169087580334,0,0
development,20,B2,dev_00,mom_mkt_beta_126d,0.230610736066,0.199551177695,0.160681039774,0,0
development,20,B2,dev_00,mom_mkt_corr_126d,0.445094987066,0.344741714706,0.258893895727,0,0
development,20,B2,dev_00,beta_change_21d,-0.00177400543605,0.000597639490801,0.0592420567032,0,0
development,20,B1,dev_01,bear_state,0,0.156125498008,0.362974278537,0,0
development,20,B1,dev_01,mkt_variance_126d,6.22237784127e-05,0.000100895226184,8.21319180727e-05,0,0
development,20,B1,dev_01,bear_x_mkt_variance_126d,0,3.31666868532e-05,8.37994444178e-05,0,0
development,20,B2,dev_01,mom_return_21d,0.0101847438059,0.0101281007495,0.045745840811,0,0
development,20,B2,dev_01,mom_return_63d,0.0249320041538,0.0306922209963,0.0767482573219,0,0
development,20,B2,dev_01,mom_return_126d,0.051707789842,0.06236508984,0.108449292282,0,0
development,20,B2,dev_01,mom_drawdown_252d,-0.0361927957786,-0.0633639822798,0.0686906552987,0,0
development,20,B2,dev_01,mom_vol_21d,0.0044951667071,0.00592287228921,0.00414904020396,0,0
development,20,B2,dev_01,mom_vol_63d,0.00463382728163,0.00615937942057,0.00399123999175,0,0
development,20,B2,dev_01,vix_close,18.46,19.4849800797,6.39150594201,3,0
development,20,B2,dev_01,mkt_return_504d,0.2962888601,0.270156953034,0.26493748359,0,0
development,20,B2,dev_01,bear_state,0,0.156125498008,0.362974278537,0,0
development,20,B2,dev_01,mkt_variance_126d,6.22237784127e-05,0.000100895226184,8.21319180727e-05,0,0
development,20,B2,dev_01,bear_x_mkt_variance_126d,0,3.31666868532e-05,8.37994444178e-05,0,0
development,20,B2,dev_01,mkt_vol_percentile_126d,0.565992349363,0.577571506563,0.266769228177,0,0
development,20,B2,dev_01,mkt_return_1d,0.0007,0.000453261952191,0.0100226287455,0,0
development,20,B2,dev_01,mkt_return_5d,0.00339302026649,0.00227756548795,0.0224999015476,0,0
development,20,B2,dev_01,mkt_return_20d,0.0121779859752,0.00899156404539,0.0431758573472,0,0
development,20,B2,dev_01,stress_rebound,0,0.00159375275003,0.00755242724006,0,0
development,20,B2,dev_01,loser_leg_return_5d,0.0020219245281,0.00150428051801,0.0286749554677,0,0
development,20,B2,dev_01,loser_leg_return_20d,0.00849167217204,0.00637620236835,0.0653387254127,0,0
development,20,B2,dev_01,loser_leg_vol_21d,0.00733206781905,0.00937501915968,0.00595115404623,0,0
development,20,B2,dev_01,loser_minus_winner_vol_21d,-0.000918582747001,-1.07982951487e-06,0.00473088916366,0,0
development,20,B2,dev_01,formation_spread,0.200703641099,0.18641158894,0.238825286939,0,0
development,20,B2,dev_01,mom_mkt_beta_126d,0.196896686908,0.100791621686,0.347256574035,0,0
development,20,B2,dev_01,mom_mkt_corr_126d,0.333790672363,0.18797909656,0.458252584893,0,0
development,20,B2,dev_01,beta_change_21d,0.00137906019672,0.000130934313081,0.0784958097228,0,0
development,20,B1,dev_02,bear_state,0,0.204993667451,0.40369699498,0,0
development,20,B1,dev_02,mkt_variance_126d,7.46621231746e-05,0.000134508548991,0.00017699836736,0,0
development,20,B1,dev_02,bear_x_mkt_variance_126d,0,6.60440302812e-05,0.00018855349445,0,0
development,20,B2,dev_02,mom_return_21d,0.00828493462188,0.00698201950277,0.0512887210226,0,0
development,20,B2,dev_02,mom_return_63d,0.0214892330585,0.0212713358987,0.0866588292707,0,0
development,20,B2,dev_02,mom_return_126d,0.0469716306033,0.0445198600787,0.128194408148,0,0
development,20,B2,dev_02,mom_drawdown_252d,-0.0428205074846,-0.0873883780529,0.123638519888,0,0
development,20,B2,dev_02,mom_vol_21d,0.00493131876499,0.00682230634338,0.00557354651313,0,0
development,20,B2,dev_02,mom_vol_63d,0.00514567859398,0.0070613706566,0.00538651538334,0,0
development,20,B2,dev_02,vix_close,19.07,20.5503853809,8.28424473418,3,0
development,20,B2,dev_02,mkt_return_504d,0.256251996203,0.226829231591,0.282431763362,0,0
development,20,B2,dev_02,bear_state,0,0.204993667451,0.40369699498,0,0
development,20,B2,dev_02,mkt_variance_126d,7.46621231746e-05,0.000134508548991,0.00017699836736,0,0
development,20,B2,dev_02,bear_x_mkt_variance_126d,0,6.60440302812e-05,0.00018855349445,0,0
development,20,B2,dev_02,mkt_vol_percentile_126d,0.636247742484,0.611455520045,0.262515841492,0,0
development,20,B2,dev_02,mkt_return_1d,0.0007,0.000388203365298,0.0117592383744,0,0
development,20,B2,dev_02,mkt_return_5d,0.00326115538076,0.00189026697485,0.024889057028,0,0
development,20,B2,dev_02,mkt_return_20d,0.0126473043557,0.00751902247993,0.0470555583067,0,0
development,20,B2,dev_02,stress_rebound,0,0.00244581484385,0.0101268835883,0,0
development,20,B2,dev_02,loser_leg_return_5d,0.00206220911327,0.00149720217943,0.0355053202643,0,0
development,20,B2,dev_02,loser_leg_return_20d,0.00888113145895,0.00642642705567,0.0759842160792,0,0
development,20,B2,dev_02,loser_leg_vol_21d,0.00801070043308,0.0116280576192,0.00968704763197,0,0
development,20,B2,dev_02,loser_minus_winner_vol_21d,-0.000861957008071,0.000844521209526,0.00644517132537,0,0
development,20,B2,dev_02,formation_spread,0.185579244698,0.138428398406,0.32998819476,0,0
development,20,B2,dev_02,mom_mkt_beta_126d,0.159966993019,0.0654434036819,0.385106159939,0,0
development,20,B2,dev_02,mom_mkt_corr_126d,0.314883380378,0.159320942534,0.483332216408,0,0
development,20,B2,dev_02,beta_change_21d,-0.00301291949223,-0.00128286837503,0.0903050761443,0,0
